<?xml version="1.0"?>
<gamd>
    <production-only>true</production-only>
    <temperature>300</temperature>
    <system>
        <nonbonded-method>CutoffNonPeriodic</nonbonded-method>
        <nonbonded-cutoff>9999</nonbonded-cutoff>
        <constraints>HBonds</constraints>
    </system>
    <run-minimization>True</run-minimization>
    <integrator>
        <algorithm>langevin</algorithm>
        <boost-type>upper-dual</boost-type>
        <sigma0>
            <primary>6.0</primary>
            <secondary>6.0</secondary>
        </sigma0>
        <random-seed>0</random-seed>
        <dt>0.002</dt>
        <friction-coefficient>1.0</friction-coefficient>
        <number-of-steps>
            <conventional-md-prep>1000</conventional-md-prep>
            <conventional-md>10000</conventional-md>
            <gamd-equilibration-prep>1000</gamd-equilibration-prep>
            <gamd-equilibration>25000</gamd-equilibration>
            <gamd-production>200000</gamd-production>
            <extension-steps>200000</extension-steps>
            <averaging-window-interval>100</averaging-window-interval>
        </number-of-steps>
    </integrator>
    <input-files>
        <amber>
            <topology>./chignolin.prmtop</topology>
            <coordinates type="rst7">./chignolin.rst</coordinates>
        </amber>
    </input-files>
    <outputs>
        <directory>./out23</directory>
        <overwrite-output>true</overwrite-output>
        <reporting>
            <energy>
                <interval>500</interval>
            </energy>
            <coordinates>
                <file-type>DCD</file-type>
            </coordinates>
            <statistics>
                <interval>500</interval>
            </statistics>
        </reporting>
    </outputs>
</gamd>
